ID,Pred
2021_1101_1104,1.751973980902e-05
2021_1101_1111,0.9373780634638339
2021_1101_1116,3.0128250982328572e-05
2021_1101_1124,5.743490139283259e-06
2021_1101_1140,0.0006777912772550207
2021_1101_1155,0.001889129778375644
2021_1101_1156,0.8333764649537243
2021_1101_1159,0.24209355574441094
2021_1101_1160,0.0003645614197069302
2021_1101_1163,0.0009389435170828441
2021_1101_1166,0.0002506243967144199
2021_1101_1179,0.038787620563115306
2021_1101_1180,0.9291533908346007
2021_1101_1186,0.5405089044932349
2021_1101_1196,0.0009680294135845647
2021_1101_1199,7.223039531227504e-05
2021_1101_1207,0.19426472709650658
2021_1101_1210,0.00874663934681675
2021_1101_1211,1.3306193923543596e-05
2021_1101_1213,0.8235263253105735
2021_1101_1216,0.9578427275415397
2021_1101_1222,1.6200333718588277e-05
2021_1101_1228,7.853875062281219e-06
2021_1101_1233,0.7248521579992842
2021_1101_1234,1.4018136489207654e-05
2021_1101_1242,4.656820000225735e-05
2021_1101_1251,0.37427703045967065
2021_1101_1260,0.005168539477310058
2021_1101_1261,0.003988840080001691
2021_1101_1268,0.03919737757087204
2021_1101_1276,7.014655400246635e-06
2021_1101_1277,0.043960344108629104
2021_1101_1281,0.008695392684743276
2021_1101_1287,0.5002048101953501
2021_1101_1291,0.9057257427604584
2021_1101_1313,0.9242456711864019
2021_1101_1314,0.002471090088041259
2021_1101_1317,0.4061084202796093
2021_1101_1325,0.2874870760109173
2021_1101_1326,2.385343539370078e-05
2021_1101_1328,0.0036077123610086365
2021_1101_1329,9.047660242839575e-05
2021_1101_1331,0.6877340619500025
2021_1101_1332,0.0014367249426174278
2021_1101_1333,0.22372027702465244
2021_1101_1345,0.00013788292828648526
2021_1101_1353,0.014918898814754543
2021_1101_1361,0.000833917241173497
2021_1101_1364,0.15263757278069745
2021_1101_1382,0.007686481701497931
2021_1101_1393,0.034831395396698904
2021_1101_1397,0.00020012638148439975
2021_1101_1400,4.707940577343523e-05
2021_1101_1403,0.0005695106826217444
2021_1101_1411,0.8412743259569005
2021_1101_1417,0.07520768507024703
2021_1101_1422,0.2771118088669698
2021_1101_1425,0.0003749673303534872
2021_1101_1429,0.03447129490806773
2021_1101_1433,0.022114331941518385
2021_1101_1437,0.00043835054586288923
2021_1101_1438,0.00010156754822388754
2021_1101_1439,0.020198561628488286
2021_1101_1452,6.827053038684276e-05
2021_1101_1455,0.11622217653002966
2021_1101_1457,0.12379522302761174
2021_1101_1458,0.009196661668344161
2021_1104_1111,0.9999997521693619
2021_1104_1116,0.6706846657255199
2021_1104_1124,0.22272816749436966
2021_1104_1140,0.9828783626546251
2021_1104_1155,0.9981604421947681
2021_1104_1156,0.9999984779245409
2021_1104_1159,0.9999924303297425
2021_1104_1160,0.9798994678744525
2021_1104_1163,0.9949803945489314
2021_1104_1166,0.9550724658408376
2021_1104_1179,0.9998757075616385
2021_1104_1180,0.999999492106802
2021_1104_1186,0.9999952831345984
2021_1104_1196,0.9946769875147812
2021_1104_1199,0.8918905489825936
2021_1104_1207,0.9999788949712738
2021_1104_1210,0.9991845090058906
2021_1104_1211,0.2664737026923034
2021_1104_1213,0.9999985780406924
2021_1104_1216,0.9999997747785582
2021_1104_1222,0.518967298046359
2021_1104_1228,0.2572522522157972
2021_1104_1233,0.9999985382241686
2021_1104_1234,0.3663143689180949
2021_1104_1242,0.8105846586100937
2021_1104_1251,0.9999911791523043
2021_1104_1260,0.9986338646555902
2021_1104_1261,0.9976132793679816
2021_1104_1268,0.9998979175713681
2021_1104_1276,0.2503554847809063
2021_1104_1277,0.9998917807213744
2021_1104_1281,0.9995095405594513
2021_1104_1287,0.9999965278996308
2021_1104_1291,0.9999997206112142
2021_1104_1313,0.999999505887546
2021_1104_1314,0.9977995095697382
2021_1104_1317,0.9999925542332502
2021_1104_1325,0.9999802828849087
2021_1104_1326,0.6405060747265503
2021_1104_1328,0.9983219250773774
2021_1104_1329,0.8947921470282979
2021_1104_1331,0.9999975797634295
2021_1104_1332,0.9945750345107789
2021_1104_1333,0.9999828655513735
2021_1104_1345,0.9376635887728345
2021_1104_1353,0.9996970495583057
2021_1104_1361,0.9922270152689426
2021_1104_1364,0.9999744996265063
2021_1104_1382,0.9994313307655841
2021_1104_1393,0.9998835042934471
2021_1104_1397,0.9685286327417931
2021_1104_1400,0.8020929991728692
2021_1104_1403,0.9912558237693314
2021_1104_1411,0.9999991317267437
2021_1104_1417,0.9999298912117172
2021_1104_1422,0.9999819856731841
2021_1104_1425,0.9859613539176393
2021_1104_1429,0.9998662258836588
2021_1104_1433,0.9997696796628168
2021_1104_1437,0.9736202207347614
2021_1104_1438,0.9285084972817165
2021_1104_1439,0.9998177888447991
2021_1104_1452,0.8394486926790938
2021_1104_1455,0.9999605796167402
2021_1104_1457,0.9999673073068488
2021_1104_1458,0.9996544405464739
2021_1111_1116,1.6079310662013678e-05
2021_1111_1124,2.7766793234718e-06
2021_1111_1140,0.00015920672736684902
2021_1111_1155,0.00019267838214804617
2021_1111_1156,0.23012386971614138
2021_1111_1159,0.06307666285804311
2021_1111_1160,4.4886568196584906e-05
2021_1111_1163,0.0003196049492142342
2021_1111_1166,7.617121650009659e-05
2021_1111_1179,0.013314985873367062
2021_1111_1180,0.4519060584298229
2021_1111_1186,0.0886345621226467
2021_1111_1196,0.0002718066113006963
2021_1111_1199,3.1138443532715735e-05
2021_1111_1207,0.02726225549730735
2021_1111_1210,0.0014871463321557978
2021_1111_1211,2.219162685270772e-06
2021_1111_1213,0.21600964983666893
2021_1111_1216,0.5608762967671694
2021_1111_1222,2.927748506437257e-06
2021_1111_1228,2.8852176923262595e-06
2021_1111_1233,0.21554341940489863
2021_1111_1234,3.206432140862819e-06
2021_1111_1242,6.853857347029453e-06
2021_1111_1251,0.044492373685248006
2021_1111_1260,0.0009342209620584709
2021_1111_1261,0.0012181856250364183
2021_1111_1268,0.0032560123196324216
2021_1111_1276,1.8075988059128939e-06
2021_1111_1277,0.007449799723970103
2021_1111_1281,0.0020564801361806864
2021_1111_1287,0.1240777654537305
2021_1111_1291,0.5138494649357743
2021_1111_1313,0.5170745291637445
2021_1111_1314,0.0006674488672685142
2021_1111_1317,0.05841103825959824
2021_1111_1325,0.02835098846027436
2021_1111_1326,2.8028998905144587e-06
2021_1111_1328,0.000999464380738563
2021_1111_1329,2.4393841731483415e-05
2021_1111_1331,0.19739075127871936
2021_1111_1332,0.00044004348728860176
2021_1111_1333,0.025464561520672786
2021_1111_1345,1.7202423018290646e-05
2021_1111_1353,0.004323912541522355
2021_1111_1361,0.00011896207343081364
2021_1111_1364,0.019944036061044845
2021_1111_1382,0.0019230173958007623
2021_1111_1393,0.007230908285461597
2021_1111_1397,4.286162858790244e-05
2021_1111_1400,6.734462679500274e-06
2021_1111_1403,9.808732065249373e-05
2021_1111_1411,0.33155816078798234
2021_1111_1417,0.01214750145272386
2021_1111_1422,0.05834257013620698
2021_1111_1425,0.00015504167890851187
2021_1111_1429,0.006164326633761569
2021_1111_1433,0.004179889454962118
2021_1111_1437,6.487208019961425e-05
2021_1111_1438,1.5526948025204692e-05
2021_1111_1439,0.004561261451401981
2021_1111_1452,7.676389052866682e-06
2021_1111_1455,0.00871924161717956
2021_1111_1457,0.019309660908926156
2021_1111_1458,0.0015269337347593864
2021_1116_1124,0.1121903203644243
2021_1116_1140,0.9706173760374347
2021_1116_1155,0.9957335702582207
2021_1116_1156,0.9999979680617092
2021_1116_1159,0.999984394332316
2021_1116_1160,0.962088981556301
2021_1116_1163,0.9897701658480098
2021_1116_1166,0.918565642839065
2021_1116_1179,0.9997667920689329
2021_1116_1180,0.999999165625829
2021_1116_1186,0.9999918709136967
2021_1116_1196,0.9881243394932274
2021_1116_1199,0.7940355816719504
2021_1116_1207,0.999968875101672
2021_1116_1210,0.9986737282208509
2021_1116_1211,0.12309402789959187
2021_1116_1213,0.9999981858330395
2021_1116_1216,0.9999997234022197
2021_1116_1222,0.2994791211157003
2021_1116_1228,0.13174227796096763
2021_1116_1233,0.9999982059590042
2021_1116_1234,0.19110273865798155
2021_1116_1242,0.6410857149780428
2021_1116_1251,0.9999866816155419
2021_1116_1260,0.9978274222305518
2021_1116_1261,0.9971300668884286
2021_1116_1268,0.9998067080721512
2021_1116_1276,0.1045868553321089
2021_1116_1277,0.9998458227834378
2021_1116_1281,0.9993144666120012
2021_1116_1287,0.9999956504925006
2021_1116_1291,0.9999995949880539
2021_1116_1313,0.9999993076533944
2021_1116_1314,0.9962537945014868
2021_1116_1317,0.9999891893191719
2021_1116_1325,0.9999615270635415
2021_1116_1326,0.4078257151933562
2021_1116_1328,0.9976835934770999
2021_1116_1329,0.8302409495376014
2021_1116_1331,0.9999964836571918
2021_1116_1332,0.9924687201369697
2021_1116_1333,0.9999796277722955
2021_1116_1345,0.8706156173604845
2021_1116_1353,0.9995480561833255
2021_1116_1361,0.985873508920435
2021_1116_1364,0.999963310580321
2021_1116_1382,0.9991888074459057
2021_1116_1393,0.9998121241420336
2021_1116_1397,0.9301050254166304
2021_1116_1400,0.6991855397235546
2021_1116_1403,0.97910790329722
2021_1116_1411,0.9999988671641512
2021_1116_1417,0.999898496118295
2021_1116_1422,0.9999744540081141
2021_1116_1425,0.9709200453628082
2021_1116_1429,0.9997662500284105
2021_1116_1433,0.999690897146005
2021_1116_1437,0.963965105649335
2021_1116_1438,0.8557927409162157
2021_1116_1439,0.999748837070146
2021_1116_1452,0.6902322764653641
2021_1116_1455,0.9999361404651759
2021_1116_1457,0.9999446358451131
2021_1116_1458,0.9993496113894718
2021_1124_1140,0.997254669965917
2021_1124_1155,0.9992461382323135
2021_1124_1156,0.9999997669994459
2021_1124_1159,0.999997384369777
2021_1124_1160,0.9925902557650889
2021_1124_1163,0.9982002023537923
2021_1124_1166,0.99144978641085
2021_1124_1179,0.9999755004181693
2021_1124_1180,0.9999999181549326
2021_1124_1186,0.9999990824443178
2021_1124_1196,0.9980431305200523
2021_1124_1199,0.9564960836805461
2021_1124_1207,0.9999956678494044
2021_1124_1210,0.9998653061983874
2021_1124_1211,0.591336805087279
2021_1124_1213,0.9999997919711305
2021_1124_1216,0.9999999649125221
2021_1124_1222,0.7867387720458395
2021_1124_1228,0.607994434463455
2021_1124_1233,0.9999998106400448
2021_1124_1234,0.6508315175424833
2021_1124_1242,0.920829271655727
2021_1124_1251,0.9999984769981743
2021_1124_1260,0.9997978961708595
2021_1124_1261,0.9996563286311012
2021_1124_1268,0.9999670951270969
2021_1124_1276,0.5812245907386578
2021_1124_1277,0.9999888368372719
2021_1124_1281,0.9998832511618125
2021_1124_1287,0.9999994404762123
2021_1124_1291,0.9999999471430435
2021_1124_1313,0.9999999242153708
2021_1124_1314,0.9995742911303914
2021_1124_1317,0.9999988166464381
2021_1124_1325,0.9999962521294803
2021_1124_1326,0.848265587446818
2021_1124_1328,0.9996310586138222
2021_1124_1329,0.9636236593505471
2021_1124_1331,0.9999996150982695
2021_1124_1332,0.9987840107995131
2021_1124_1333,0.9999972636303998
2021_1124_1345,0.9768360115225276
2021_1124_1353,0.9999481553542093
2021_1124_1361,0.9974360097710364
2021_1124_1364,0.9999958862869542
2021_1124_1382,0.9999013692441909
2021_1124_1393,0.9999786338528401
2021_1124_1397,0.9900307880623511
2021_1124_1400,0.9251833020020022
2021_1124_1403,0.9962283386077682
2021_1124_1411,0.9999998700988255
2021_1124_1417,0.9999888883333109
2021_1124_1422,0.9999972095079606
2021_1124_1425,0.9946879480646725
2021_1124_1429,0.9999767191831797
2021_1124_1433,0.9999479562769452
2021_1124_1437,0.9951406680487214
2021_1124_1438,0.9693429527058931
2021_1124_1439,0.9999668961871828
2021_1124_1452,0.9450576664274394
2021_1124_1455,0.999989130098678
2021_1124_1457,0.999993022511311
2021_1124_1458,0.9998892396776254
2021_1140_1155,0.8211490141562823
2021_1140_1156,0.9999259126718675
2021_1140_1159,0.9996167961335576
2021_1140_1160,0.4042439970693016
2021_1140_1163,0.5939617073675283
2021_1140_1166,0.24951558974022045
2021_1140_1179,0.9931048003146324
2021_1140_1180,0.9999733118131874
2021_1140_1186,0.9997221879534605
2021_1140_1196,0.5930860725681573
2021_1140_1199,0.08182125104770824
2021_1140_1207,0.998393312106484
2021_1140_1210,0.9660923099564803
2021_1140_1211,0.012934697175591833
2021_1140_1213,0.9999338524100561
2021_1140_1216,0.9999872487321954
2021_1140_1222,0.01634678617584984
2021_1140_1228,0.008783662811370583
2021_1140_1233,0.9999397882667849
2021_1140_1234,0.02124165969199861
2021_1140_1242,0.047529939610612144
2021_1140_1251,0.9995159281151113
2021_1140_1260,0.9324120971886217
2021_1140_1261,0.9070943173334817
2021_1140_1268,0.9878406280623133
2021_1140_1276,0.007054735167960857
2021_1140_1277,0.9961344691431708
2021_1140_1281,0.9606987296297147
2021_1140_1287,0.9997994002359205
2021_1140_1291,0.9999805386880335
2021_1140_1313,0.9999748614453855
2021_1140_1314,0.8680845482312475
2021_1140_1317,0.9995758645839519
2021_1140_1325,0.9992126867749578
2021_1140_1326,0.02112923339553204
2021_1140_1328,0.8903387725877796
2021_1140_1329,0.11627283886433454
2021_1140_1331,0.9998887996792659
2021_1140_1332,0.6932104967808262
2021_1140_1333,0.9990197231291108
2021_1140_1345,0.12558834831537968
2021_1140_1353,0.9799703432051854
2021_1140_1361,0.6013941950574396
2021_1140_1364,0.9986935671634287
2021_1140_1382,0.9658368644711975
2021_1140_1393,0.9941857606417218
2021_1140_1397,0.2698758165568224
2021_1140_1400,0.05227317807663359
2021_1140_1403,0.5245056601606404
2021_1140_1411,0.9999605143532306
2021_1140_1417,0.9963341340855932
2021_1140_1422,0.9992098288808633
2021_1140_1425,0.3625864472897444
2021_1140_1429,0.9945396024082043
2021_1140_1433,0.9808355654627848
2021_1140_1437,0.33470333891140014
2021_1140_1438,0.12441946426702222
2021_1140_1439,0.9882681649421038
2021_1140_1452,0.05343840110360445
2021_1140_1455,0.9959503474758838
2021_1140_1457,0.9978392606849228
2021_1140_1458,0.9602122562429638
2021_1155_1156,0.999636245226223
2021_1155_1159,0.9981709332902627
2021_1155_1160,0.11576796744041674
2021_1155_1163,0.2886052834573408
2021_1155_1166,0.09674929425593604
2021_1155_1179,0.9751470581512668
2021_1155_1180,0.999876127095931
2021_1155_1186,0.9988840091773928
2021_1155_1196,0.25589373951317934
2021_1155_1199,0.052785113411795294
2021_1155_1207,0.9925935031175523
2021_1155_1210,0.8429684534830395
2021_1155_1211,0.002861812587404414
2021_1155_1213,0.9996580901391316
2021_1155_1216,0.9998716489977433
2021_1155_1222,0.01264778611369287
2021_1155_1228,0.004967194352674571
2021_1155_1233,0.999628982819529
2021_1155_1234,0.0049151450258481805
2021_1155_1242,0.028725299308799655
2021_1155_1251,0.9974901823211575
2021_1155_1260,0.7882910330474746
2021_1155_1261,0.46793984425051166
2021_1155_1268,0.9565847694303427
2021_1155_1276,0.005159481893527711
2021_1155_1277,0.9725381056730185
2021_1155_1281,0.8635449515372347
2021_1155_1287,0.9988437826924683
2021_1155_1291,0.9998536337934582
2021_1155_1313,0.9998253370088961
2021_1155_1314,0.5398509901863774
2021_1155_1317,0.9974510363825699
2021_1155_1325,0.9959309766557993
2021_1155_1326,0.009440958968322226
2021_1155_1328,0.5821628373304398
2021_1155_1329,0.052120923943758855
2021_1155_1331,0.999433213106148
2021_1155_1332,0.3259718433616816
2021_1155_1333,0.9944921332496722
2021_1155_1345,0.061520718669101276
2021_1155_1353,0.9174689986301552
2021_1155_1361,0.24708506594034557
2021_1155_1364,0.9927573971470327
2021_1155_1382,0.8268229065951244
2021_1155_1393,0.9705695541676015
2021_1155_1397,0.1065508888827166
2021_1155_1400,0.02380256343656045
2021_1155_1403,0.21961800298353082
2021_1155_1411,0.9997664494650682
2021_1155_1417,0.9811262765341427
2021_1155_1422,0.9966448768257453
2021_1155_1425,0.20156968409279144
2021_1155_1429,0.963665813777157
2021_1155_1433,0.9166466676072995
2021_1155_1437,0.11409873287564685
2021_1155_1438,0.06301105854336875
2021_1155_1439,0.9464793714733414
2021_1155_1452,0.02865750386458621
2021_1155_1455,0.9838732006060469
2021_1155_1457,0.9917696219232354
2021_1155_1458,0.8745454356713582
2021_1156_1159,0.1873814256171886
2021_1156_1160,0.00010482977461002985
2021_1156_1163,0.0003939656815213491
2021_1156_1166,0.000100559341564278
2021_1156_1179,0.02177048112054043
2021_1156_1180,0.7559425576456922
2021_1156_1186,0.25084137970172304
2021_1156_1196,0.00032434775670486994
2021_1156_1199,3.2029363398626425e-05
2021_1156_1207,0.04196300921971562
2021_1156_1210,0.0042212788938108
2021_1156_1211,8.429243607599903e-06
2021_1156_1213,0.5110013392181876
2021_1156_1216,0.8299118672890526
2021_1156_1222,3.8764636130661085e-06
2021_1156_1228,2.747770290720752e-06
2021_1156_1233,0.5028519091333417
2021_1156_1234,7.859798288254421e-06
2021_1156_1242,1.1105815521257774e-05
2021_1156_1251,0.12308440325288511
2021_1156_1260,0.0011481587376501077
2021_1156_1261,0.0012417511228811024
2021_1156_1268,0.008314243393783546
2021_1156_1276,1.7214874477789277e-06
2021_1156_1277,0.01806145625855744
2021_1156_1281,0.003133689559534629
2021_1156_1287,0.2586805544850813
2021_1156_1291,0.7084199817724166
2021_1156_1313,0.6903306713984687
2021_1156_1314,0.0014304811349220281
2021_1156_1317,0.10681745986276327
2021_1156_1325,0.09085847222875143
2021_1156_1326,6.446907092828546e-06
2021_1156_1328,0.0012242587252322065
2021_1156_1329,2.9261306408730938e-05
2021_1156_1331,0.3277944955118667
2021_1156_1332,0.0004805811953942991
2021_1156_1333,0.043217483542751116
2021_1156_1345,2.5385597787525052e-05
2021_1156_1353,0.007726310731811871
2021_1156_1361,0.00020723249666804248
2021_1156_1364,0.05114282109828328
2021_1156_1382,0.002707733187289639
2021_1156_1393,0.022417951762256673
2021_1156_1397,5.452136101523023e-05
2021_1156_1400,1.3972377059952545e-05
2021_1156_1403,0.00020625848248863657
2021_1156_1411,0.5560402262017226
2021_1156_1417,0.02012445557385667
2021_1156_1422,0.07917580154082152
2021_1156_1425,0.00018074386847892823
2021_1156_1429,0.02071040239213951
2021_1156_1433,0.005478511655442489
2021_1156_1437,8.719541936122963e-05
2021_1156_1438,2.2629022663917143e-05
2021_1156_1439,0.006625197327502883
2021_1156_1452,1.4175506417842403e-05
2021_1156_1455,0.019193483045932005
2021_1156_1457,0.06110547695233972
2021_1156_1458,0.002814137646367951
2021_1159_1160,0.0004371935065911703
2021_1159_1163,0.0014747104277627089
2021_1159_1166,0.00032427603023368505
2021_1159_1179,0.0699817940395242
2021_1159_1180,0.9510228622802026
2021_1159_1186,0.679768249314413
2021_1159_1196,0.0015203676579788328
2021_1159_1199,9.897620757288323e-05
2021_1159_1207,0.2637033327864247
2021_1159_1210,0.009845201589260931
2021_1159_1211,7.341391760791639e-06
2021_1159_1213,0.8636219538866882
2021_1159_1216,0.9667512128448393
2021_1159_1222,2.2199530487008947e-05
2021_1159_1228,9.262574301956062e-06
2021_1159_1233,0.8513680570877775
2021_1159_1234,7.948242594598875e-06
2021_1159_1242,6.250767522498669e-05
2021_1159_1251,0.39652588131683325
2021_1159_1260,0.005777877537185218
2021_1159_1261,0.004795329070546414
2021_1159_1268,0.042955186738337155
2021_1159_1276,8.611488905350496e-06
2021_1159_1277,0.040879551746112165
2021_1159_1281,0.012899800190308407
2021_1159_1287,0.689495897160601
2021_1159_1291,0.9361446074294991
2021_1159_1313,0.9413655599896854
2021_1159_1314,0.003242105673807397
2021_1159_1317,0.5640170651609234
2021_1159_1325,0.26571465950824996
2021_1159_1326,3.0980677313111336e-05
2021_1159_1328,0.00451989100116699
2021_1159_1329,0.0001239778688315719
2021_1159_1331,0.8087041796951243
2021_1159_1332,0.0018173191549644638
2021_1159_1333,0.23177602223232918
2021_1159_1345,0.00017152187723387698
2021_1159_1353,0.022536786637327347
2021_1159_1361,0.0009999662103453277
2021_1159_1364,0.16979612644534273
2021_1159_1382,0.011110686157915696
2021_1159_1393,0.04640972275435342
2021_1159_1397,0.0002212883033870418
2021_1159_1400,6.268121495476133e-05
2021_1159_1403,0.0007563312828293124
2021_1159_1411,0.905696758979905
2021_1159_1417,0.09212923006828548
2021_1159_1422,0.445956424559655
2021_1159_1425,0.0005341496387396065
2021_1159_1429,0.04423068927650036
2021_1159_1433,0.026560456153613507
2021_1159_1437,0.0005278439615301079
2021_1159_1438,0.0001352891728773503
2021_1159_1439,0.025391884878242295
2021_1159_1452,8.377308464746948e-05
2021_1159_1455,0.11704684254001246
2021_1159_1457,0.16156273961835899
2021_1159_1458,0.011966503176529064
2021_1160_1163,0.8198037930931096
2021_1160_1166,0.4004924034835895
2021_1160_1179,0.9970985559141737
2021_1160_1180,0.9999847588093708
2021_1160_1186,0.9998814880457083
2021_1160_1196,0.7948032024987386
2021_1160_1199,0.22707305277203302
2021_1160_1207,0.999189587895106
2021_1160_1210,0.9757666185042212
2021_1160_1211,0.012727701061013359
2021_1160_1213,0.9999593142920525
2021_1160_1216,0.9999902514966945
2021_1160_1222,0.056172299527529855
2021_1160_1228,0.021002899570722225
2021_1160_1233,0.9999560172547484
2021_1160_1234,0.029716412888270694
2021_1160_1242,0.12388499665016463
2021_1160_1251,0.9996921749726767
2021_1160_1260,0.9490515572582644
2021_1160_1261,0.9451952887606293
2021_1160_1268,0.9961010913345028
2021_1160_1276,0.023014196883243965
2021_1160_1277,0.9967322058788051
2021_1160_1281,0.9849812336871281
2021_1160_1287,0.9998745590205868
2021_1160_1291,0.999985997619768
2021_1160_1313,0.9999803083967743
2021_1160_1314,0.9176586388555978
2021_1160_1317,0.999710209143198
2021_1160_1325,0.9994003663111094
2021_1160_1326,0.04844031068620901
2021_1160_1328,0.9571901364663816
2021_1160_1329,0.24583853084693344
2021_1160_1331,0.9999253653148369
2021_1160_1332,0.8701213111342216
2021_1160_1333,0.9992822481086197
2021_1160_1345,0.27096015368795795
2021_1160_1353,0.9915071445865807
2021_1160_1361,0.7557722122268481
2021_1160_1364,0.9991079934097329
2021_1160_1382,0.9818421853504675
2021_1160_1393,0.9966901705659588
2021_1160_1397,0.49110144686765606
2021_1160_1400,0.11571308856922823
2021_1160_1403,0.7114741706890988
2021_1160_1411,0.99997358326238
2021_1160_1417,0.9979105944605128
2021_1160_1422,0.9995104741432849
2021_1160_1425,0.6332035778324739
2021_1160_1429,0.9961565140568345
2021_1160_1433,0.9931975138286289
2021_1160_1437,0.5244621144786805
2021_1160_1438,0.2936251134869759
2021_1160_1439,0.9936331550557792
2021_1160_1452,0.12256882585391411
2021_1160_1455,0.9984346754721733
2021_1160_1457,0.9990898106137308
2021_1160_1458,0.9872821914740126
2021_1163_1166,0.10797394630011002
2021_1163_1179,0.9818293414503236
2021_1163_1180,0.9999134344102101
2021_1163_1186,0.9992286292020075
2021_1163_1196,0.4733286984409349
2021_1163_1199,0.05904720256113743
2021_1163_1207,0.996521492274564
2021_1163_1210,0.9277168091787824
2021_1163_1211,0.003637848937912612
2021_1163_1213,0.9998214142443885
2021_1163_1216,0.9999662849994058
2021_1163_1222,0.008360953999128786
2021_1163_1228,0.00465582983312189
2021_1163_1233,0.9998099541518736
2021_1163_1234,0.006471524405231576
2021_1163_1242,0.020488935209274396
2021_1163_1251,0.9982955892055578
2021_1163_1260,0.8313480148450696
2021_1163_1261,0.7445074222331712
2021_1163_1268,0.982977079093705
2021_1163_1276,0.004463953446406892
2021_1163_1277,0.9805210831945806
2021_1163_1281,0.9154119552207569
2021_1163_1287,0.9995138035117773
2021_1163_1291,0.9999545814644458
2021_1163_1313,0.99992158375257
2021_1163_1314,0.7651900264467923
2021_1163_1317,0.9987142684730091
2021_1163_1325,0.9972111369380117
2021_1163_1326,0.011131329128561946
2021_1163_1328,0.8014688101338816
2021_1163_1329,0.058390976120080075
2021_1163_1331,0.9996257441740548
2021_1163_1332,0.6124852210114948
2021_1163_1333,0.9968996083380357
2021_1163_1345,0.04919795113877609
2021_1163_1353,0.9617795252193962
2021_1163_1361,0.34488603792807676
2021_1163_1364,0.994968053333276
2021_1163_1382,0.9060021471042551
2021_1163_1393,0.9810535210913452
2021_1163_1397,0.12804409357088714
2021_1163_1400,0.023764345816115057
2021_1163_1403,0.27749477757361773
2021_1163_1411,0.9998802079372637
2021_1163_1417,0.9882024080453381
2021_1163_1422,0.9975990229580946
2021_1163_1425,0.2426461857807608
2021_1163_1429,0.9767017432561281
2021_1163_1433,0.9709492377390122
2021_1163_1437,0.14626982924562007
2021_1163_1438,0.044898992841447556
2021_1163_1439,0.9675643514116891
2021_1163_1452,0.02496617285439847
2021_1163_1455,0.9934502126569156
2021_1163_1457,0.9948633306496628
2021_1163_1458,0.933710875982499
2021_1166_1179,0.9975850392228407
2021_1166_1180,0.999990713827163
2021_1166_1186,0.9999076855977287
2021_1166_1196,0.8216222940787207
2021_1166_1199,0.2204770445422485
2021_1166_1207,0.9995704828047024
2021_1166_1210,0.9884985909328877
2021_1166_1211,0.02755196721001895
2021_1166_1213,0.9999778880956225
2021_1166_1216,0.9999964978088224
2021_1166_1222,0.04561302670726366
2021_1166_1228,0.023363443743135093
2021_1166_1233,0.9999798724212493
2021_1166_1234,0.045594876600208285
2021_1166_1242,0.1340802585603849
2021_1166_1251,0.999838138770239
2021_1166_1260,0.9810122812703983
2021_1166_1261,0.9720353628062229
2021_1166_1268,0.9967262943650889
2021_1166_1276,0.018584147090516947
2021_1166_1277,0.9986293054768006
2021_1166_1281,0.9887344678590161
2021_1166_1287,0.9999464287779218
2021_1166_1291,0.9999948034443363
2021_1166_1313,0.999991602640457
2021_1166_1314,0.9629913707172357
2021_1166_1317,0.9998688937711594
2021_1166_1325,0.9997083028624316
2021_1166_1326,0.054836326412211804
2021_1166_1328,0.9671359196651533
2021_1166_1329,0.27619813115099734
2021_1166_1331,0.9999612255287974
2021_1166_1332,0.905508772491616
2021_1166_1333,0.9997380621886586
2021_1166_1345,0.3052600466274526
2021_1166_1353,0.994519103395763
2021_1166_1361,0.8327244003205786
2021_1166_1364,0.9995629229830703
2021_1166_1382,0.990543365190127
2021_1166_1393,0.9979817396688015
2021_1166_1397,0.5386502935030207
2021_1166_1400,0.1543902411313385
2021_1166_1403,0.7601809944556018
2021_1166_1411,0.9999862229374091
2021_1166_1417,0.9987702555729667
2021_1166_1422,0.9997243530993819
2021_1166_1425,0.6255656492965213
2021_1166_1429,0.9979903714767737
2021_1166_1433,0.995041297107559
2021_1166_1437,0.6439287448499723
2021_1166_1438,0.301650831273098
2021_1166_1439,0.9968402408641034
2021_1166_1452,0.1362764687235699
2021_1166_1455,0.9989162014103263
2021_1166_1457,0.9992916916039687
2021_1166_1458,0.9890643135152702
2021_1179_1180,0.9956474690374413
2021_1179_1186,0.9599989680787111
2021_1179_1196,0.01599805468421823
2021_1179_1199,0.0010331432498888896
2021_1179_1207,0.7904740900244612
2021_1179_1210,0.11077326790315879
2021_1179_1211,0.00014136181417218294
2021_1179_1213,0.9909389508485459
2021_1179_1216,0.9976608476883638
2021_1179_1222,0.00013056894749715784
2021_1179_1228,7.63102945816451e-05
2021_1179_1233,0.98917277334626
2021_1179_1234,0.00021746714006432662
2021_1179_1242,0.0003796115625728531
2021_1179_1251,0.903745976048986
2021_1179_1260,0.05005493054619037
2021_1179_1261,0.04925141847286112
2021_1179_1268,0.2581036425823268
2021_1179_1276,5.632219014466821e-05
2021_1179_1277,0.3786427432893241
2021_1179_1281,0.11193266952768911
2021_1179_1287,0.9655221211690749
2021_1179_1291,0.9970756486398294
2021_1179_1313,0.9973447226455714
2021_1179_1314,0.045009085311308435
2021_1179_1317,0.9250938947729875
2021_1179_1325,0.8651119066965366
2021_1179_1326,0.00020143868422915274
2021_1179_1328,0.043773323549530084
2021_1179_1329,0.0009653525893674866
2021_1179_1331,0.987299810384197
2021_1179_1332,0.017021346709541273
2021_1179_1333,0.684863645605423
2021_1179_1345,0.000999667826344794
2021_1179_1353,0.2165526759130995
2021_1179_1361,0.007000316836081107
2021_1179_1364,0.6596815229216271
2021_1179_1382,0.12286303236244521
2021_1179_1393,0.4638121920502443
2021_1179_1397,0.0025835622935042922
2021_1179_1400,0.0004364785648588822
2021_1179_1403,0.006502376814122875
2021_1179_1411,0.9959540698964421
2021_1179_1417,0.4560451784247918
2021_1179_1422,0.8956983596201759
2021_1179_1425,0.005794949982174701
2021_1179_1429,0.4440323832876328
2021_1179_1433,0.21244859241786332
2021_1179_1437,0.0025617127836518117
2021_1179_1438,0.0009452212731709576
2021_1179_1439,0.23218880678870157
2021_1179_1452,0.00043988629135873234
2021_1179_1455,0.5311557007949215
2021_1179_1457,0.7182378626515525
2021_1179_1458,0.10182475432548434
2021_1180_1186,0.1187277192911227
2021_1180_1196,0.00012958843942763562
2021_1180_1199,1.2541262469428018e-05
2021_1180_1207,0.01642449347829671
2021_1180_1210,0.0014746941940609886
2021_1180_1211,3.627835746001148e-06
2021_1180_1213,0.22965421475663314
2021_1180_1216,0.6393446296312901
2021_1180_1222,2.1633476571611074e-06
2021_1180_1228,1.1140237908317247e-06
2021_1180_1233,0.255832187060342
2021_1180_1234,3.550331699268464e-06
2021_1180_1242,6.232431281140244e-06
2021_1180_1251,0.0492801828882708
2021_1180_1260,0.0004939667517999325
2021_1180_1261,0.0005491266998444383
2021_1180_1268,0.0034439471105873203
2021_1180_1276,7.134420066824765e-07
2021_1180_1277,0.006728996290306615
2021_1180_1281,0.0013520435135237604
2021_1180_1287,0.12469742054191114
2021_1180_1291,0.48258610667452984
2021_1180_1313,0.4602944278377228
2021_1180_1314,0.0005423224748825096
2021_1180_1317,0.04590755031584653
2021_1180_1325,0.05240088589308776
2021_1180_1326,3.0454405560554877e-06
2021_1180_1328,0.0005328829060803776
2021_1180_1329,1.2560220730845816e-05
2021_1180_1331,0.15364139416849845
2021_1180_1332,0.0002029844512126932
2021_1180_1333,0.019690305457499373
2021_1180_1345,1.540348412231379e-05
2021_1180_1353,0.002144984419265462
2021_1180_1361,0.00011282702256473165
2021_1180_1364,0.020016102159493964
2021_1180_1382,0.0010906249206658722
2021_1180_1393,0.008702826376061276
2021_1180_1397,2.1556834848281643e-05
2021_1180_1400,6.579216527132466e-06
2021_1180_1403,9.202891356486729e-05
2021_1180_1411,0.33984299085606257
2021_1180_1417,0.008747704691695212
2021_1180_1422,0.03287752313916835
2021_1180_1425,6.24696378942161e-05
2021_1180_1429,0.008795035132085002
2021_1180_1433,0.0018414546902450692
2021_1180_1437,4.412838914832702e-05
2021_1180_1438,1.373083338006276e-05
2021_1180_1439,0.002842922794915331
2021_1180_1452,7.776135834364708e-06
2021_1180_1455,0.007865337879794985
2021_1180_1457,0.022464127244297395
2021_1180_1458,0.0013007658412871393
2021_1186_1196,0.0008512442735329234
2021_1186_1199,6.442180271597598e-05
2021_1186_1207,0.12468908429415333
2021_1186_1210,0.007403162374422401
2021_1186_1211,1.800229886202395e-05
2021_1186_1213,0.7960456334027242
2021_1186_1216,0.9421651701782555
2021_1186_1222,1.4163625533484013e-05
2021_1186_1228,5.39751649175195e-06
2021_1186_1233,0.7493425751766445
2021_1186_1234,1.6590197987777576e-05
2021_1186_1242,4.1373140438749055e-05
2021_1186_1251,0.24279728455771185
2021_1186_1260,0.0027648607245721983
2021_1186_1261,0.0038378603874769913
2021_1186_1268,0.022966792950198888
2021_1186_1276,3.817827531363453e-06
2021_1186_1277,0.04720496553880047
2021_1186_1281,0.008583331557864156
2021_1186_1287,0.4735904501481903
2021_1186_1291,0.8833782251323588
2021_1186_1313,0.9013523628724556
2021_1186_1314,0.0028699894074818654
2021_1186_1317,0.31404602643903384
2021_1186_1325,0.21670887914629694
2021_1186_1326,2.1354539311595083e-05
2021_1186_1328,0.00372469465632057
2021_1186_1329,8.806685946024166e-05
2021_1186_1331,0.6159887099169158
2021_1186_1332,0.001421612160046221
2021_1186_1333,0.1137000665234733
2021_1186_1345,9.456676343518184e-05
2021_1186_1353,0.013888416445988795
2021_1186_1361,0.0007676049034261034
2021_1186_1364,0.10622922405674379
2021_1186_1382,0.006609757292903645
2021_1186_1393,0.0473918538464392
2021_1186_1397,0.00013319787662249098
2021_1186_1400,4.613229206156205e-05
2021_1186_1403,0.000588206955298783
2021_1186_1411,0.8058172941600673
2021_1186_1417,0.053486977152308976
2021_1186_1422,0.22778277985659826
2021_1186_1425,0.0003872794802334051
2021_1186_1429,0.04891957150755482
2021_1186_1433,0.015110357397804863
2021_1186_1437,0.0002501392359670328
2021_1186_1438,8.429856674417527e-05
2021_1186_1439,0.01648007700599889
2021_1186_1452,5.280839665851123e-05
2021_1186_1455,0.055178933314767746
2021_1186_1457,0.11846691077773149
2021_1186_1458,0.008350732265196602
2021_1196_1199,0.05250431949899706
2021_1196_1207,0.9962371509362092
2021_1196_1210,0.9090281219314341
2021_1196_1211,0.00264189561164722
2021_1196_1213,0.9997457456249714
2021_1196_1216,0.9999625744534621
2021_1196_1222,0.00907149441111557
2021_1196_1228,0.00442865027398295
2021_1196_1233,0.9997344831716598
2021_1196_1234,0.0052765831906504196
2021_1196_1242,0.0221098731205883
2021_1196_1251,0.9976204220687733
2021_1196_1260,0.7903113788055063
2021_1196_1261,0.7851610592313465
2021_1196_1268,0.9752054310489854
2021_1196_1276,0.005107249957950978
2021_1196_1277,0.9745849379046765
2021_1196_1281,0.9186900412790278
2021_1196_1287,0.9994707090779779
2021_1196_1291,0.9999516610834086
2021_1196_1313,0.9999346449061203
2021_1196_1314,0.7255331395602636
2021_1196_1317,0.9986949273099365
2021_1196_1325,0.997546874987634
2021_1196_1326,0.009355034673243189
2021_1196_1328,0.8264535849136841
2021_1196_1329,0.05724458685255783
2021_1196_1331,0.9997190115294758
2021_1196_1332,0.5768198976708375
2021_1196_1333,0.9955913993567314
2021_1196_1345,0.057914397317641086
2021_1196_1353,0.9509132892018409
2021_1196_1361,0.3016647533927619
2021_1196_1364,0.993441282655343
2021_1196_1382,0.8930274187697068
2021_1196_1393,0.9755275300045765
2021_1196_1397,0.10802811410647721
2021_1196_1400,0.021301242663515452
2021_1196_1403,0.26340059186626114
2021_1196_1411,0.9998914691432977
2021_1196_1417,0.9884732803816593
2021_1196_1422,0.9979318871355892
2021_1196_1425,0.23722582235655865
2021_1196_1429,0.9713140424505934
2021_1196_1433,0.9574481745053997
2021_1196_1437,0.12354344437489093
2021_1196_1438,0.05344512634955301
2021_1196_1439,0.9544948128780998
2021_1196_1452,0.02445753020195604
2021_1196_1455,0.9910645038254277
2021_1196_1457,0.9938281834333713
2021_1196_1458,0.9199181612190248
2021_1199_1207,0.9998810847165874
2021_1199_1210,0.9953717304516954
2021_1199_1211,0.050817230771102895
2021_1199_1213,0.9999930682499475
2021_1199_1216,0.9999989334644643
2021_1199_1222,0.12334451730312436
2021_1199_1228,0.05693201261968013
2021_1199_1233,0.9999929676693633
2021_1199_1234,0.08711500072656829
2021_1199_1242,0.31341551362552506
2021_1199_1251,0.999952220478104
2021_1199_1260,0.9911922722452227
2021_1199_1261,0.9899296552686275
2021_1199_1268,0.9993688321137206
2021_1199_1276,0.0482263084412762
2021_1199_1277,0.9994778987187908
2021_1199_1281,0.9973741823227437
2021_1199_1287,0.9999833810868215
2021_1199_1291,0.9999984524838129
2021_1199_1313,0.9999973303785009
2021_1199_1314,0.9868262795856249
2021_1199_1317,0.9999583162656315
2021_1199_1325,0.9998734085202893
2021_1199_1326,0.17047367763531823
2021_1199_1328,0.9911268429239718
2021_1199_1329,0.6063299042364162
2021_1199_1331,0.9999864414318304
2021_1199_1332,0.9729372518805784
2021_1199_1333,0.9999221638354013
2021_1199_1345,0.5774548114807304
2021_1199_1353,0.9983546073811866
2021_1199_1361,0.9550602739290669
2021_1199_1364,0.9998675850431573
2021_1199_1382,0.9970428621188475
2021_1199_1393,0.9993638337778418
2021_1199_1397,0.7826017131423505
2021_1199_1400,0.36391040426482074
2021_1199_1403,0.9378387831295035
2021_1199_1411,0.9999956715394906
2021_1199_1417,0.999608723508444
2021_1199_1422,0.9999033688721112
2021_1199_1425,0.9116139876822094
2021_1199_1429,0.9992147843364367
2021_1199_1433,0.9988199718745274
2021_1199_1437,0.8818630018047255
2021_1199_1438,0.5803618641387683
2021_1199_1439,0.9990410061746339
2021_1199_1452,0.40592042074523554
2021_1199_1455,0.9997867054916836
2021_1199_1457,0.9998107764756108
2021_1199_1458,0.9978784437919059
2021_1207_1210,0.047512106282147366
2021_1207_1211,7.211470044897591e-05
2021_1207_1213,0.9594043623440082
2021_1207_1216,0.991994333399432
2021_1207_1222,8.349558307593572e-05
2021_1207_1228,8.177501309396639e-05
2021_1207_1233,0.9591810564525013
2021_1207_1234,0.00010608852942770878
2021_1207_1242,0.00021079209778212258
2021_1207_1251,0.799505473407236
2021_1207_1260,0.024562286041971984
2021_1207_1261,0.02508407367591411
2021_1207_1268,0.10746694917256946
2021_1207_1276,5.1233836523624935e-05
2021_1207_1277,0.21739193534281587
2021_1207_1281,0.05670818692143225
2021_1207_1287,0.8941247564407607
2021_1207_1291,0.9887374925845711
2021_1207_1313,0.9834581000509084
2021_1207_1314,0.02193269569786247
2021_1207_1317,0.7694107084938746
2021_1207_1325,0.7994313643076738
2021_1207_1326,0.00010385727989607816
2021_1207_1328,0.027576141841796527
2021_1207_1329,0.0007165209442731756
2021_1207_1331,0.9401807258835506
2021_1207_1332,0.011837193132725448
2021_1207_1333,0.5222476248634431
2021_1207_1345,0.0005311102813089735
2021_1207_1353,0.12652043142444713
2021_1207_1361,0.00389549564019565
2021_1207_1364,0.5184267509333513
2021_1207_1382,0.06032694067678526
2021_1207_1393,0.21601323264740913
2021_1207_1397,0.0013720250260170865
2021_1207_1400,0.00023347427720475585
2021_1207_1403,0.0032806327958143293
2021_1207_1411,0.9786823340200785
2021_1207_1417,0.28672693836134094
2021_1207_1422,0.5950004106262697
2021_1207_1425,0.004376101763256098
2021_1207_1429,0.19978711107767655
2021_1207_1433,0.1302291734009913
2021_1207_1437,0.0019514939559321586
2021_1207_1438,0.00045345852321090104
2021_1207_1439,0.12921305169725614
2021_1207_1452,0.00028102725502817386
2021_1207_1455,0.23557149426928375
2021_1207_1457,0.5956328348810974
2021_1207_1458,0.04692027778432739
2021_1210_1211,0.0011920012143581166
2021_1210_1213,0.9986503021912508
2021_1210_1216,0.9997088623118885
2021_1210_1222,0.0013361937752052217
2021_1210_1228,0.0006772068083304123
2021_1210_1233,0.9987709895669665
2021_1210_1234,0.0018367997526993589
2021_1210_1242,0.0038314366201423183
2021_1210_1251,0.990200014355612
2021_1210_1260,0.3042573248343312
2021_1210_1261,0.2590576102729775
2021_1210_1268,0.8195332807465459
2021_1210_1276,0.0005176403277454681
2021_1210_1277,0.9110905609637453
2021_1210_1281,0.5676044749614393
2021_1210_1287,0.9943528257062838
2021_1210_1291,0.999498891452913
2021_1210_1313,0.9995800973477689
2021_1210_1314,0.24299716833485024
2021_1210_1317,0.9899515457190393
2021_1210_1325,0.9834752402854159
2021_1210_1326,0.0019152563821428648
2021_1210_1328,0.3274149671714405
2021_1210_1329,0.00741756399813899
2021_1210_1331,0.9981889104453953
2021_1210_1332,0.11915705974292637
2021_1210_1333,0.9734635189497672
2021_1210_1345,0.0105137805185103
2021_1210_1353,0.6070756348707632
2021_1210_1361,0.05837829676217341
2021_1210_1364,0.9739636585291568
2021_1210_1382,0.5165844699566724
2021_1210_1393,0.8770164110245118
2021_1210_1397,0.016909599307085424
2021_1210_1400,0.0038675581393223294
2021_1210_1403,0.05456936241908928
2021_1210_1411,0.9993169089464692
2021_1210_1417,0.9294492880027503
2021_1210_1422,0.9866508109105735
2021_1210_1425,0.03605145775986611
2021_1210_1429,0.8911008928671326
2021_1210_1433,0.653804363438414
2021_1210_1437,0.02913547896883019
2021_1210_1438,0.008310983915306047
2021_1210_1439,0.7427352430362357
2021_1210_1452,0.005000718950016469
2021_1210_1455,0.9224065490046343
2021_1210_1457,0.9590796808434219
2021_1210_1458,0.5979485506939557
2021_1211_1213,0.9999998846938012
2021_1211_1216,0.999999960498281
2021_1211_1222,0.8337357147550157
2021_1211_1228,0.6683919349588594
2021_1211_1233,0.9999998633391647
2021_1211_1234,0.7329299801444016
2021_1211_1242,0.9304921402686737
2021_1211_1251,0.9999990855460388
2021_1211_1260,0.9997715893814687
2021_1211_1261,0.999589721447204
2021_1211_1268,0.9999629556256748
2021_1211_1276,0.6703802388186508
2021_1211_1277,0.9999904936277888
2021_1211_1281,0.9998685653016272
2021_1211_1287,0.9999993357822998
2021_1211_1291,0.9999999404932824
2021_1211_1313,0.9999999464439
2021_1211_1314,0.9995872052820898
2021_1211_1317,0.9999987229664246
2021_1211_1325,0.9999979227584197
2021_1211_1326,0.8724560819132672
2021_1211_1328,0.9995846625789834
2021_1211_1329,0.9606716744670576
2021_1211_1331,0.9999997451035308
2021_1211_1332,0.9985845125769481
2021_1211_1333,0.9999967645196083
2021_1211_1345,0.9763242303001562
2021_1211_1353,0.9999387991811355
2021_1211_1361,0.9972144936902755
2021_1211_1364,0.9999971378347318
2021_1211_1382,0.9998829163422891
2021_1211_1393,0.9999861518722191
2021_1211_1397,0.9881874570506813
2021_1211_1400,0.9290179594358776
2021_1211_1403,0.995857608148164
2021_1211_1411,0.9999999120495096
2021_1211_1417,0.9999886589730563
2021_1211_1422,0.9999979086083316
2021_1211_1425,0.9939357512480067
2021_1211_1429,0.999987931047989
2021_1211_1433,0.999938218839321
2021_1211_1437,0.995031249682138
2021_1211_1438,0.969530084135019
2021_1211_1439,0.9999607022882568
2021_1211_1452,0.9411145979006998
2021_1211_1455,0.9999877626085687
2021_1211_1457,0.9999966427069678
2021_1211_1458,0.9998753070201248
2021_1213_1216,0.8391361652343481
2021_1213_1222,4.3033481910008385e-06
2021_1213_1228,3.083103450773197e-06
2021_1213_1233,0.5119964726989615
2021_1213_1234,8.684203432079208e-06
2021_1213_1242,1.2570679824875112e-05
2021_1213_1251,0.12460341472729207
2021_1213_1260,0.0012411536145283827
2021_1213_1261,0.0012825460144792662
2021_1213_1268,0.008894737465558203
2021_1213_1276,1.8734141615670356e-06
2021_1213_1277,0.019125324959096062
2021_1213_1281,0.003188975958867934
2021_1213_1287,0.26092287387553315
2021_1213_1291,0.6923681711145911
2021_1213_1313,0.6983552331962004
2021_1213_1314,0.0015565293537936156
2021_1213_1317,0.10610532188755549
2021_1213_1325,0.09213958834412356
2021_1213_1326,7.013435998788907e-06
2021_1213_1328,0.0012263453581123989
2021_1213_1329,2.9112088918642592e-05
2021_1213_1331,0.31617371849116016
2021_1213_1332,0.000478297465643986
2021_1213_1333,0.0435423018683447
2021_1213_1345,2.8733920555228007e-05
2021_1213_1353,0.008297675423819933
2021_1213_1361,0.0002345605300384411
2021_1213_1364,0.05212874685242628
2021_1213_1382,0.002867110092953636
2021_1213_1393,0.023760958777016637
2021_1213_1397,5.773952442889256e-05
2021_1213_1400,1.5151404446139388e-05
2021_1213_1403,0.00022006168790720976
2021_1213_1411,0.5479657720638078
2021_1213_1417,0.019926783478087202
2021_1213_1422,0.07232841640655178
2021_1213_1425,0.00019141098202271544
2021_1213_1429,0.022138045496582805
2021_1213_1433,0.005707406967611035
2021_1213_1437,9.865652856674308e-05
2021_1213_1438,2.5613766566709232e-05
2021_1213_1439,0.0069542233333994554
2021_1213_1452,1.604525845417376e-05
2021_1213_1455,0.019938451518729663
2021_1213_1457,0.06290353078270368
2021_1213_1458,0.0032302836550165658
2021_1216_1222,2.69639478719674e-06
2021_1216_1228,2.3780149681613395e-06
2021_1216_1233,0.206459495295364
2021_1216_1234,2.688965251961208e-06
2021_1216_1242,6.312260399298345e-06
2021_1216_1251,0.039019915676215884
2021_1216_1260,0.0007835703659163246
2021_1216_1261,0.0012621183775687172
2021_1216_1268,0.0031926728287400463
2021_1216_1276,1.501547841514001e-06
2021_1216_1277,0.006502485939657409
2021_1216_1281,0.001893800649134352
2021_1216_1287,0.12662676245816482
2021_1216_1291,0.5289584139069055
2021_1216_1313,0.4299680276981676
2021_1216_1314,0.0005754646751374833
2021_1216_1317,0.05442980448971154
2021_1216_1325,0.026885772444442912
2021_1216_1326,2.3986899078156634e-06
2021_1216_1328,0.0009205581619640905
2021_1216_1329,2.2466253202228916e-05
2021_1216_1331,0.22072983352852946
2021_1216_1332,0.00040528479429132526
2021_1216_1333,0.022277913453619125
2021_1216_1345,1.5843087605926888e-05
2021_1216_1353,0.0036381419654841233
2021_1216_1361,0.00010956257177846087
2021_1216_1364,0.017435869167868604
2021_1216_1382,0.0016495643058904042
2021_1216_1393,0.006311251668838951
2021_1216_1397,3.466095810408802e-05
2021_1216_1400,6.202300329422412e-06
2021_1216_1403,9.033703828683957e-05
2021_1216_1411,0.35966757455729825
2021_1216_1417,0.010532911861887404
2021_1216_1422,0.058014995326324266
2021_1216_1425,0.00012294076643023884
2021_1216_1429,0.00552000584240645
2021_1216_1433,0.0035063852492349303
2021_1216_1437,5.9746113686810203e-05
2021_1216_1438,1.4300006748185646e-05
2021_1216_1439,0.003964634079910065
2021_1216_1452,6.95000500793486e-06
2021_1216_1455,0.008727216401115349
2021_1216_1457,0.016599789752013046
2021_1216_1458,0.0014252133737200233
2021_1222_1228,0.2796215472735393
2021_1222_1233,0.9999982272710508
2021_1222_1234,0.3820641314478972
2021_1222_1242,0.7939684980047386
2021_1222_1251,0.9999896836562626
2021_1222_1260,0.9983105667469108
2021_1222_1261,0.9972699892753922
2021_1222_1268,0.9998654271540995
2021_1222_1276,0.23766978843217518
2021_1222_1277,0.9998768260351593
2021_1222_1281,0.999398066260591
2021_1222_1287,0.9999952559177934
2021_1222_1291,0.9999996065824219
2021_1222_1313,0.9999993042222244
2021_1222_1314,0.9975574035984305
2021_1222_1317,0.9999898357429102
2021_1222_1325,0.9999778026847727
2021_1222_1326,0.615444560615475
2021_1222_1328,0.9981744224737044
2021_1222_1329,0.8811249820278443
2021_1222_1331,0.9999968472657411
2021_1222_1332,0.9940475756589439
2021_1222_1333,0.9999790096984795
2021_1222_1345,0.9204668737529175
2021_1222_1353,0.9996656588199887
2021_1222_1361,0.9893017894126096
2021_1222_1364,0.9999694417287047
2021_1222_1382,0.9993358149759959
2021_1222_1393,0.9998849272993572
2021_1222_1397,0.9604278970023967
2021_1222_1400,0.7928169870796845
2021_1222_1403,0.9885421062098201
2021_1222_1411,0.9999988781149808
2021_1222_1417,0.9999243235451265
2021_1222_1422,0.9999794818118216
2021_1222_1425,0.9841512841405169
2021_1222_1429,0.9998652314378066
2021_1222_1433,0.9997206988621548
2021_1222_1437,0.9734136025245088
2021_1222_1438,0.9274684012230783
2021_1222_1439,0.999778608276589
2021_1222_1452,0.8127070171270332
2021_1222_1455,0.9999480320066232
2021_1222_1457,0.9999611764256056
2021_1222_1458,0.9995486019328303
2021_1228_1233,0.9999995635537575
2021_1228_1234,0.6435159529447358
2021_1228_1242,0.8760105318851115
2021_1228_1251,0.99999675993494
2021_1228_1260,0.9996639475088265
2021_1228_1261,0.9993261685775826
2021_1228_1268,0.9999569342321016
2021_1228_1276,0.46842530361749335
2021_1228_1277,0.9999728939689475
2021_1228_1281,0.9998448075494704
2021_1228_1287,0.9999990764582029
2021_1228_1291,0.9999999140030685
2021_1228_1313,0.999999851519238
2021_1228_1314,0.999183549551257
2021_1228_1317,0.9999976527404246
2021_1228_1325,0.9999948312806975
2021_1228_1326,0.7594871218701069
2021_1228_1328,0.9994648799518766
2021_1228_1329,0.9452466926669801
2021_1228_1331,0.9999992344379823
2021_1228_1332,0.9982669164538827
2021_1228_1333,0.9999956742593854
2021_1228_1345,0.9674992631328917
2021_1228_1353,0.9998972174449227
2021_1228_1361,0.9965617106653202
2021_1228_1364,0.9999912070496412
2021_1228_1382,0.999828048423291
2021_1228_1393,0.9999553159555047
2021_1228_1397,0.9887088977135836
2021_1228_1400,0.8821335007571331
2021_1228_1403,0.9949443211007986
2021_1228_1411,0.9999997594627427
2021_1228_1417,0.9999773779674328
2021_1228_1422,0.9999943017010872
2021_1228_1425,0.9939798293958536
2021_1228_1429,0.9999610453777714
2021_1228_1433,0.9999343516599484
2021_1228_1437,0.9933987232236837
2021_1228_1438,0.9603281976400598
2021_1228_1439,0.9999463098407471
2021_1228_1452,0.9164466151335399
2021_1228_1455,0.9999862921927691
2021_1228_1457,0.9999862828194462
2021_1228_1458,0.9998645992520065
2021_1233_1234,1.2755292977161871e-05
2021_1233_1242,1.6129798351040984e-05
2021_1233_1251,0.12214537839621936
2021_1233_1260,0.0017010141566866552
2021_1233_1261,0.001786171654078186
2021_1233_1268,0.010568590060127907
2021_1233_1276,2.692220341046387e-06
2021_1233_1277,0.022270140569034372
2021_1233_1281,0.003777612945403625
2021_1233_1287,0.24391437797155638
2021_1233_1291,0.7663520575619505
2021_1233_1313,0.802133427602279
2021_1233_1314,0.002051853657722934
2021_1233_1317,0.11972736055178161
2021_1233_1325,0.10657261351114745
2021_1233_1326,8.333760454753138e-06
2021_1233_1328,0.0015453255208072228
2021_1233_1329,3.594709664002386e-05
2021_1233_1331,0.35417604477995845
2021_1233_1332,0.000623856114675494
2021_1233_1333,0.04517268859847991
2021_1233_1345,3.748787422283794e-05
2021_1233_1353,0.00874116359003014
2021_1233_1361,0.0003076090487060563
2021_1233_1364,0.058635098735541014
2021_1233_1382,0.003550050279133326
2021_1233_1393,0.028121684497377675
2021_1233_1397,6.504997159002358e-05
2021_1233_1400,1.8003726245161384e-05
2021_1233_1403,0.00026147922927636076
2021_1233_1411,0.6459068121462476
2021_1233_1417,0.024313146638510967
2021_1233_1422,0.10818989430467574
2021_1233_1425,0.00021410191097208305
2021_1233_1429,0.024214764326305142
2021_1233_1433,0.007093684685872851
2021_1233_1437,0.00013840688031385874
2021_1233_1438,3.286563414096611e-05
2021_1233_1439,0.008186488909785346
2021_1233_1452,2.200385557543625e-05
2021_1233_1455,0.02428616138179391
2021_1233_1457,0.05844493561139917
2021_1233_1458,0.0039341024958910245
2021_1234_1242,0.8630219153597236
2021_1234_1251,0.9999955056779682
2021_1234_1260,0.9993225062866717
2021_1234_1261,0.9992032197615559
2021_1234_1268,0.9998991865663669
2021_1234_1276,0.39541210232889923
2021_1234_1277,0.9999613532156288
2021_1234_1281,0.9996725277009229
2021_1234_1287,0.999998008770709
2021_1234_1291,0.9999998217429764
2021_1234_1313,0.9999998215608242
2021_1234_1314,0.9986093509221768
2021_1234_1317,0.9999964411045131
2021_1234_1325,0.999987369816365
2021_1234_1326,0.7551499410771857
2021_1234_1328,0.9990433854216008
2021_1234_1329,0.9348730571982126
2021_1234_1331,0.9999992292986517
2021_1234_1332,0.9971128310092942
2021_1234_1333,0.9999899537093936
2021_1234_1345,0.9531767507681521
2021_1234_1353,0.9998193927049314
2021_1234_1361,0.9944629617600496
2021_1234_1364,0.999987684555617
2021_1234_1382,0.9996411331939193
2021_1234_1393,0.999929595331219
2021_1234_1397,0.9676447178192109
2021_1234_1400,0.872156165681547
2021_1234_1403,0.9920457327574884
2021_1234_1411,0.9999997096415271
2021_1234_1417,0.9999705384080222
2021_1234_1422,0.9999945198279683
2021_1234_1425,0.9861998369806079
2021_1234_1429,0.9999364962203654
2021_1234_1433,0.9998181219041822
2021_1234_1437,0.9898433619214282
2021_1234_1438,0.9376982075333968
2021_1234_1439,0.999879046804491
2021_1234_1452,0.9046652004462039
2021_1234_1455,0.9999657688867308
2021_1234_1457,0.9999820509748193
2021_1234_1458,0.9996605672050123
2021_1242_1251,0.9999661744769726
2021_1242_1260,0.9944808187815932
2021_1242_1261,0.9915085493064799
2021_1242_1268,0.9995448844213111
2021_1242_1276,0.12002410565538378
2021_1242_1277,0.9996351472074174
2021_1242_1281,0.9981293769760706
2021_1242_1287,0.9999846703886254
2021_1242_1291,0.9999986178628896
2021_1242_1313,0.9999977449101274
2021_1242_1314,0.9927818541205005
2021_1242_1317,0.9999671565078572
2021_1242_1325,0.9999340917966636
2021_1242_1326,0.2511669234403873
2021_1242_1328,0.9943484982214672
2021_1242_1329,0.6580359791032768
2021_1242_1331,0.9999900677900209
2021_1242_1332,0.9821352548136039
2021_1242_1333,0.999931229151604
2021_1242_1345,0.7856290176455798
2021_1242_1353,0.9990224274307349
2021_1242_1361,0.9674176774812732
2021_1242_1364,0.999901930352711
2021_1242_1382,0.9979724945066352
2021_1242_1393,0.999659138490101
2021_1242_1397,0.882711340853895
2021_1242_1400,0.4767612719001894
2021_1242_1403,0.9638105894985686
2021_1242_1411,0.9999964846690729
2021_1242_1417,0.9997558182115469
2021_1242_1422,0.9999363839336557
2021_1242_1425,0.9489595310491538
2021_1242_1429,0.9995999342665246
2021_1242_1433,0.9991584896272541
2021_1242_1437,0.9320741012048201
2021_1242_1438,0.7834060176670454
2021_1242_1439,0.9992799585481331
2021_1242_1452,0.5746878120544346
2021_1242_1455,0.9998242134333151
2021_1242_1457,0.9998863163285557
2021_1242_1458,0.9985828174004434
2021_1251_1260,0.007592530009668775
2021_1251_1261,0.007526262048461631
2021_1251_1268,0.04845842453580229
2021_1251_1276,1.1416111088257593e-05
2021_1251_1277,0.12210890315392421
2021_1251_1281,0.016645824192145577
2021_1251_1287,0.5957809686843941
2021_1251_1291,0.9460041439822102
2021_1251_1313,0.957060866160803
2021_1251_1314,0.009478008261640386
2021_1251_1317,0.4807934464904673
2021_1251_1325,0.4994112008925106
2021_1251_1326,4.203222669691527e-05
2021_1251_1328,0.00725888018132224
2021_1251_1329,0.00017333116108973951
2021_1251_1331,0.7886124335481906
2021_1251_1332,0.0027943760983290375
2021_1251_1333,0.2583696992946639
2021_1251_1345,0.0002186444570978788
2021_1251_1353,0.03801420055453106
2021_1251_1361,0.0015550181842052622
2021_1251_1364,0.2533380984675213
2021_1251_1382,0.01817317740066763
2021_1251_1393,0.1444789974833318
2021_1251_1397,0.00036532745684861653
2021_1251_1400,9.080019978504647e-05
2021_1251_1403,0.0011494282661122857
2021_1251_1411,0.9119127538837236
2021_1251_1417,0.10401429197513594
2021_1251_1422,0.3244377175093277
2021_1251_1425,0.0008830754060234014
2021_1251_1429,0.13257337679109873
2021_1251_1433,0.03246069753094641
2021_1251_1437,0.0006150237831629368
2021_1251_1438,0.00019490635012876385
2021_1251_1439,0.04121290396595938
2021_1251_1452,0.00010731731751546012
2021_1251_1455,0.13042062039567504
2021_1251_1457,0.23873256469512746
2021_1251_1458,0.017135119813751827
2021_1260_1261,0.31546570329768187
2021_1260_1268,0.8700356903880242
2021_1260_1276,0.0014366019158904395
2021_1260_1277,0.948568473321371
2021_1260_1281,0.6174846313658422
2021_1260_1287,0.9976115981367633
2021_1260_1291,0.9997761071658511
2021_1260_1313,0.9996435034325789
2021_1260_1314,0.36707804666997385
2021_1260_1317,0.9942676983332414
2021_1260_1325,0.9922799022473141
2021_1260_1326,0.0030288791010661953
2021_1260_1328,0.36626693008440636
2021_1260_1329,0.011645842854247575
2021_1260_1331,0.9984387609827472
2021_1260_1332,0.14050711794582496
2021_1260_1333,0.9888608517381958
2021_1260_1345,0.017260245721519702
2021_1260_1353,0.7715757133505852
2021_1260_1361,0.10243293216182792
2021_1260_1364,0.9845585467071232
2021_1260_1382,0.6648095505070873
2021_1260_1393,0.9186294932483771
2021_1260_1397,0.04380422946464498
2021_1260_1400,0.005960642360183381
2021_1260_1403,0.10569286581508389
2021_1260_1411,0.9994622139407625
2021_1260_1417,0.9507539994285904
2021_1260_1422,0.988838299503908
2021_1260_1425,0.07234717398838146
2021_1260_1429,0.9231367800719319
2021_1260_1433,0.75016679859787
2021_1260_1437,0.050588295154665654
2021_1260_1438,0.013823584839208963
2021_1260_1439,0.8555496035826327
2021_1260_1452,0.00839671218675921
2021_1260_1455,0.9554287038087705
2021_1260_1457,0.9815137455481404
2021_1260_1458,0.6454523173567034
2021_1261_1268,0.9141013483476756
2021_1261_1276,0.0010989133880216107
2021_1261_1277,0.9269795555578829
2021_1261_1281,0.7381573986263055
2021_1261_1287,0.998480999665195
2021_1261_1291,0.9998831408577394
2021_1261_1313,0.9998285571760345
2021_1261_1314,0.4130211146706927
2021_1261_1317,0.9966082532395867
2021_1261_1325,0.9869869695320088
2021_1261_1326,0.0025448109949025633
2021_1261_1328,0.4707414222242432
2021_1261_1329,0.017983991471949554
2021_1261_1331,0.9992834866785079
2021_1261_1332,0.2766902057105943
2021_1261_1333,0.9896392419055358
2021_1261_1345,0.018737695699105862
2021_1261_1353,0.8636425637432698
2021_1261_1361,0.12286346456578026
2021_1261_1364,0.9814334917660623
2021_1261_1382,0.6420045374561958
2021_1261_1393,0.9367347037240256
2021_1261_1397,0.038813887463037475
2021_1261_1400,0.006580523939755766
2021_1261_1403,0.1095163118691732
2021_1261_1411,0.9997449150339499
2021_1261_1417,0.9710100745292228
2021_1261_1422,0.9952484061254034
2021_1261_1425,0.11801382598905859
2021_1261_1429,0.9181531911620437
2021_1261_1433,0.8824194783143783
2021_1261_1437,0.05352966646432985
2021_1261_1438,0.018314646625219914
2021_1261_1439,0.8736514046625783
2021_1261_1452,0.00681258895732125
2021_1261_1455,0.9704131132585033
2021_1261_1457,0.9797851813502152
2021_1261_1458,0.7151540843783029
2021_1268_1276,0.0004452369983653478
2021_1268_1277,0.6256162952389305
2021_1268_1281,0.24380549887350372
2021_1268_1287,0.9824282041574248
2021_1268_1291,0.9978850300696961
2021_1268_1313,0.9974245767536638
2021_1268_1314,0.09424667573988724
2021_1268_1317,0.9571750648240935
2021_1268_1325,0.9656181659725966
2021_1268_1326,0.000693270560695596
2021_1268_1328,0.12303372158675158
2021_1268_1329,0.00536898876057035
2021_1268_1331,0.9914658341351731
2021_1268_1332,0.05743029473796309
2021_1268_1333,0.8907595851931214
2021_1268_1345,0.0042212567459747035
2021_1268_1353,0.36344975949793373
2021_1268_1361,0.028285125900172146
2021_1268_1364,0.9007498732943001
2021_1268_1382,0.22475729744136275
2021_1268_1393,0.6017280874762837
2021_1268_1397,0.010618131402613383
2021_1268_1400,0.001655298331346228
2021_1268_1403,0.022922972767921636
2021_1268_1411,0.9965616192078952
2021_1268_1417,0.7424350408511894
2021_1268_1422,0.9405343813906116
2021_1268_1425,0.029568530268284626
2021_1268_1429,0.6147335891803646
2021_1268_1433,0.4340523882166845
2021_1268_1437,0.011025642497707025
2021_1268_1438,0.00381167717672532
2021_1268_1439,0.4334767858250474
2021_1268_1452,0.0019163573451877855
2021_1268_1455,0.751020477126838
2021_1268_1457,0.9049730382072958
2021_1268_1458,0.25177495189734483
2021_1276_1277,0.9999704097926869
2021_1276_1281,0.9998108987166732
2021_1276_1287,0.999998874630652
2021_1276_1291,0.9999998952095849
2021_1276_1313,0.9999998190707479
2021_1276_1314,0.9991713435322382
2021_1276_1317,0.9999971397795272
2021_1276_1325,0.999994636353072
2021_1276_1326,0.8397573199434538
2021_1276_1328,0.999351885210144
2021_1276_1329,0.962205588421905
2021_1276_1331,0.9999990726096518
2021_1276_1332,0.9980055687930204
2021_1276_1333,0.9999947289312835
2021_1276_1345,0.9761943859844666
2021_1276_1353,0.9998797200135435
2021_1276_1361,0.9971985684711019
2021_1276_1364,0.9999901887725756
2021_1276_1382,0.9997980082822144
2021_1276_1393,0.9999546474006926
2021_1276_1397,0.9907938022213857
2021_1276_1400,0.9205842815359305
2021_1276_1403,0.996416554764885
2021_1276_1411,0.9999997068965392
2021_1276_1417,0.9999724343593352
2021_1276_1422,0.9999932439007612
2021_1276_1425,0.9934961608919217
2021_1276_1429,0.9999588839115118
2021_1276_1433,0.9999200062359004
2021_1276_1437,0.9917046721549855
2021_1276_1438,0.9703135479981684
2021_1276_1439,0.9999340629966573
2021_1276_1452,0.9416032213911485
2021_1276_1455,0.9999848053108847
2021_1276_1457,0.9999869742227868
2021_1276_1458,0.999866778146163
2021_1277_1281,0.15738021124046084
2021_1277_1287,0.963093237995916
2021_1277_1291,0.9965624990243036
2021_1277_1313,0.9960776073874171
2021_1277_1314,0.05236096355444016
2021_1277_1317,0.946420383351098
2021_1277_1325,0.9191711641158667
2021_1277_1326,0.00035932907030139527
2021_1277_1328,0.0617768507711223
2021_1277_1329,0.001514501542580222
2021_1277_1331,0.983701299565378
2021_1277_1332,0.023240047386057745
2021_1277_1333,0.8579112301023607
2021_1277_1345,0.0019247374022488156
2021_1277_1353,0.14951704148853442
2021_1277_1361,0.011718302679134613
2021_1277_1364,0.7711407404178224
2021_1277_1382,0.11745950652337997
2021_1277_1393,0.3316008002719316
2021_1277_1397,0.0033794742522130785
2021_1277_1400,0.0007938845535184578
2021_1277_1403,0.010836541623656843
2021_1277_1411,0.9935509278281339
2021_1277_1417,0.6556467538047599
2021_1277_1422,0.9022269811582921
2021_1277_1425,0.007195895668645604
2021_1277_1429,0.4436081854119301
2021_1277_1433,0.21047206104161445
2021_1277_1437,0.006300797284878228
2021_1277_1438,0.0017627446082623818
2021_1277_1439,0.2726448012505341
2021_1277_1452,0.0008676398126993955
2021_1277_1455,0.6931971374753993
2021_1277_1457,0.7081909187577979
2021_1277_1458,0.14720758200875808
2021_1281_1287,0.9951008651820719
2021_1281_1291,0.9995152230662523
2021_1281_1313,0.999231790554904
2021_1281_1314,0.2187270725607086
2021_1281_1317,0.9883896427276843
2021_1281_1325,0.9832586616626552
2021_1281_1326,0.0014230822727947727
2021_1281_1328,0.2440243042564112
2021_1281_1329,0.008850992144884752
2021_1281_1331,0.9967370352761317
2021_1281_1332,0.1231802709449852
2021_1281_1333,0.9716314299484617
2021_1281_1345,0.007423617094480528
2021_1281_1353,0.6680098898656474
2021_1281_1361,0.04807558001816383
2021_1281_1364,0.9531010687371582
2021_1281_1382,0.43151548904647585
2021_1281_1393,0.8264895896037661
2021_1281_1397,0.020716549193413123
2021_1281_1400,0.0032633545591032676
2021_1281_1403,0.04771303870192982
2021_1281_1411,0.9988976970450215
2021_1281_1417,0.9006800593612868
2021_1281_1422,0.9789717922217253
2021_1281_1425,0.059572454822702306
2021_1281_1429,0.8264621308461819
2021_1281_1433,0.7131563685793372
2021_1281_1437,0.025492164373342844
2021_1281_1438,0.007024303679227608
2021_1281_1439,0.7261736766058865
2021_1281_1452,0.003574265360503875
2021_1281_1455,0.9291846698232845
2021_1281_1457,0.9566765131588075
2021_1281_1458,0.49717162538794146
2021_1287_1291,0.9246295124796658
2021_1287_1313,0.8932188435121934
2021_1287_1314,0.0049715444893181585
2021_1287_1317,0.34295247645572213
2021_1287_1325,0.280616753856715
2021_1287_1326,2.1691512286868646e-05
2021_1287_1328,0.005550728893002707
2021_1287_1329,0.000141749388071331
2021_1287_1331,0.6144627384431219
2021_1287_1332,0.0024803825481231156
2021_1287_1333,0.13001014329079255
2021_1287_1345,0.00011018239545098257
2021_1287_1353,0.028154250966887787
2021_1287_1361,0.0007871488899360842
2021_1287_1364,0.11426445312168912
2021_1287_1382,0.011492903343079319
2021_1287_1393,0.048985662009194485
2021_1287_1397,0.00023305496684124713
2021_1287_1400,4.876817105741058e-05
2021_1287_1403,0.0006655208667063836
2021_1287_1411,0.8601096707282416
2021_1287_1417,0.06268953059234358
2021_1287_1422,0.2906296763439831
2021_1287_1425,0.0007796147133010727
2021_1287_1429,0.042020812625328655
2021_1287_1433,0.023105866076367047
2021_1287_1437,0.000393718295255162
2021_1287_1438,9.004676394924486e-05
2021_1287_1439,0.02544063738515089
2021_1287_1452,5.750949435477818e-05
2021_1287_1455,0.051143442684323304
2021_1287_1457,0.1378826827160001
2021_1287_1458,0.008835223198264743
2021_1291_1313,0.5351946201104455
2021_1291_1314,0.0008329491702556718
2021_1291_1317,0.05708470219633335
2021_1291_1325,0.032256423825087345
2021_1291_1326,3.235869613738554e-06
2021_1291_1328,0.0010114334948877347
2021_1291_1329,2.583830201192425e-05
2021_1291_1331,0.20715028139722405
2021_1291_1332,0.0004529944464672425
2021_1291_1333,0.025754047458068474
2021_1291_1345,1.7559642463442065e-05
2021_1291_1353,0.0054785042638529485
2021_1291_1361,0.00012793408082347412
2021_1291_1364,0.02249612662146109
2021_1291_1382,0.0022898129029880077
2021_1291_1393,0.008314748354472221
2021_1291_1397,4.6882579879344686e-05
2021_1291_1400,7.758494012688717e-06
2021_1291_1403,0.0001035643569233796
2021_1291_1411,0.35582939198815805
2021_1291_1417,0.012300035462907758
2021_1291_1422,0.053320432271429366
2021_1291_1425,0.00015689997317269957
2021_1291_1429,0.007089438535450882
2021_1291_1433,0.0047346286103456675
2021_1291_1437,6.769665329633868e-05
2021_1291_1438,1.5713076768479845e-05
2021_1291_1439,0.005194658077825467
2021_1291_1452,8.86217002026673e-06
2021_1291_1455,0.009249052075247384
2021_1291_1457,0.024099704098343645
2021_1291_1458,0.0015452098027467559
2021_1313_1314,0.0007205929659096373
2021_1313_1317,0.04725814871797886
2021_1313_1325,0.03331056844493963
2021_1313_1326,1.910171471567364e-06
2021_1313_1328,0.0005375682213118481
2021_1313_1329,1.332047109900387e-05
2021_1313_1331,0.20595359926960882
2021_1313_1332,0.00023661893025131005
2021_1313_1333,0.019390379823877774
2021_1313_1345,9.981511389632155e-06
2021_1313_1353,0.0036883778041957673
2021_1313_1361,7.514038397087323e-05
2021_1313_1364,0.025519500266388263
2021_1313_1382,0.0014790668712704488
2021_1313_1393,0.009525575150105024
2021_1313_1397,2.6360184093866902e-05
2021_1313_1400,4.391072994273016e-06
2021_1313_1403,6.418040144794197e-05
2021_1313_1411,0.4065299565934697
2021_1313_1417,0.009414976148865642
2021_1313_1422,0.05798987228922776
2021_1313_1425,8.33575825343624e-05
2021_1313_1429,0.008123292460196527
2021_1313_1433,0.0029485367779221662
2021_1313_1437,3.979581979097999e-05
2021_1313_1438,8.925883052133323e-06
2021_1313_1439,0.0032663369586983983
2021_1313_1452,5.169629218039286e-06
2021_1313_1455,0.006820370499896967
2021_1313_1457,0.025379929580302368
2021_1313_1458,0.001025816854888368
2021_1314_1317,0.9976444553547972
2021_1314_1325,0.9944073209178108
2021_1314_1326,0.005561194318809254
2021_1314_1328,0.6859512552126253
2021_1314_1329,0.02439825900826757
2021_1314_1331,0.9994234075993027
2021_1314_1332,0.3385034755341496
2021_1314_1333,0.993958676068185
2021_1314_1345,0.029128070003033184
2021_1314_1353,0.8911709322959652
2021_1314_1361,0.18364592498329216
2021_1314_1364,0.9910283819194029
2021_1314_1382,0.8254514574554384
2021_1314_1393,0.966317866382684
2021_1314_1397,0.04702716978872569
2021_1314_1400,0.01223320234933829
2021_1314_1403,0.16048630197878683
2021_1314_1411,0.9997826932641686
2021_1314_1417,0.9816791266053004
2021_1314_1422,0.9959200380805475
2021_1314_1425,0.10455634299444912
2021_1314_1429,0.9665631256249857
2021_1314_1433,0.8928963974736744
2021_1314_1437,0.07668158360645586
2021_1314_1438,0.02615652277066263
2021_1314_1439,0.9305717235963197
2021_1314_1452,0.013311310623623984
2021_1314_1455,0.9796875767980364
2021_1314_1457,0.9857875881315875
2021_1314_1458,0.8492290370780202
2021_1317_1325,0.4698936623819053
2021_1317_1326,3.394834445869197e-05
2021_1317_1328,0.009672730374313796
2021_1317_1329,0.00023887287335745965
2021_1317_1331,0.8229524418486527
2021_1317_1332,0.004174413817437821
2021_1317_1333,0.2606607800765741
2021_1317_1345,0.00017534969585865378
2021_1317_1353,0.06210785520508779
2021_1317_1361,0.0013024544639396386
2021_1317_1364,0.22644521009714572
2021_1317_1382,0.025793879563600082
2021_1317_1393,0.10290595334004882
2021_1317_1397,0.000479628043504384
2021_1317_1400,7.841284076102431e-05
2021_1317_1403,0.0011449366529283384
2021_1317_1411,0.9282355072620248
2021_1317_1417,0.127102181238248
2021_1317_1422,0.2731670943375393
2021_1317_1425,0.0015349117207857665
2021_1317_1429,0.09415565409568022
2021_1317_1433,0.05264808228287693
2021_1317_1437,0.0006745988767515339
2021_1317_1438,0.00016336239747949228
2021_1317_1439,0.0562431745420723
2021_1317_1452,8.97108970694393e-05
2021_1317_1455,0.10630343557895602
2021_1317_1457,0.2384315140525216
2021_1317_1458,0.018166284128730663
2021_1325_1326,4.406681084871361e-05
2021_1325_1328,0.008247206799863214
2021_1325_1329,0.00016713694167950992
2021_1325_1331,0.8225825414374597
2021_1325_1332,0.002969997825252101
2021_1325_1333,0.42607937403426244
2021_1325_1345,0.00025470016129959397
2021_1325_1353,0.05949582423504533
2021_1325_1361,0.0015622837604617234
2021_1325_1364,0.342234065358401
2021_1325_1382,0.019180520145752816
2021_1325_1393,0.11937176967198117
2021_1325_1397,0.000408904520624732
2021_1325_1400,8.697273169783682e-05
2021_1325_1403,0.0013270950462184673
2021_1325_1411,0.9205716959394504
2021_1325_1417,0.20928901262326693
2021_1325_1422,0.4654053286570558
2021_1325_1425,0.000862872996815773
2021_1325_1429,0.10667444176389813
2021_1325_1433,0.06441647873117344
2021_1325_1437,0.0010087111293147642
2021_1325_1438,0.00019117324668589816
2021_1325_1439,0.059423431773710726
2021_1325_1452,0.00012611815721358578
2021_1325_1455,0.2569265698282104
2021_1325_1457,0.32201634131329954
2021_1325_1458,0.02958869293658195
2021_1326_1328,0.9978878084092424
2021_1326_1329,0.8717468112550668
2021_1326_1331,0.9999962852942864
2021_1326_1332,0.9940185383689764
2021_1326_1333,0.9999660038014455
2021_1326_1345,0.8983379491420793
2021_1326_1353,0.9996341604294012
2021_1326_1361,0.9878061576337585
2021_1326_1364,0.999958172885633
2021_1326_1382,0.9991170062407795
2021_1326_1393,0.9998475880345388
2021_1326_1397,0.9489859568602437
2021_1326_1400,0.7448438957108168
2021_1326_1403,0.9875232662796296
2021_1326_1411,0.9999986852505685
2021_1326_1417,0.9998987143884421
2021_1326_1422,0.9999760593690823
2021_1326_1425,0.9804105441199553
2021_1326_1429,0.9998278984965046
2021_1326_1433,0.9996851061827405
2021_1326_1437,0.9614790332770947
2021_1326_1438,0.8974574076490459
2021_1326_1439,0.999679952223494
2021_1326_1452,0.7736961704932193
2021_1326_1455,0.9999260890375287
2021_1326_1457,0.9999573195351453
2021_1326_1458,0.999390652252205
2021_1328_1329,0.019521020577975674
2021_1328_1331,0.9988522644489106
2021_1328_1332,0.24474621892982062
2021_1328_1333,0.9908518624283191
2021_1328_1345,0.018064834645890537
2021_1328_1353,0.8616488680433821
2021_1328_1361,0.10696168678597323
2021_1328_1364,0.9841153972210522
2021_1328_1382,0.7088270946157558
2021_1328_1393,0.9426782076262503
2021_1328_1397,0.04785817859541665
2021_1328_1400,0.007889926353453662
2021_1328_1403,0.10880900833393606
2021_1328_1411,0.9996256844117938
2021_1328_1417,0.9675363255919822
2021_1328_1422,0.9922611959151477
2021_1328_1425,0.1306141243502127
2021_1328_1429,0.9322696612707014
2021_1328_1433,0.8850612686719954
2021_1328_1437,0.055980704675455156
2021_1328_1438,0.01770043898780445
2021_1328_1439,0.9111300338284553
2021_1328_1452,0.007751671581057883
2021_1328_1455,0.9767830169016248
2021_1328_1457,0.9833683356413008
2021_1328_1458,0.7856743828001191
2021_1329_1331,0.9999828213981011
2021_1329_1332,0.9655361423315504
2021_1329_1333,0.9998481946680322
2021_1329_1345,0.4740096352178675
2021_1329_1353,0.9979364130903549
2021_1329_1361,0.9300131041365731
2021_1329_1364,0.999755928508435
2021_1329_1382,0.9947184812378749
2021_1329_1393,0.9990793535540476
2021_1329_1397,0.6637115498955174
2021_1329_1400,0.24487962363835708
2021_1329_1403,0.932284481203677
2021_1329_1411,0.9999938870235591
2021_1329_1417,0.9995539251931631
2021_1329_1422,0.9998856284869029
2021_1329_1425,0.8991586269350866
2021_1329_1429,0.9988793714763273
2021_1329_1433,0.9983258392723958
2021_1329_1437,0.8120953832984613
2021_1329_1438,0.45743758737757684
2021_1329_1439,0.9984008557114465
2021_1329_1452,0.25956333477845234
2021_1329_1455,0.9997211746443518
2021_1329_1457,0.9997201347574569
2021_1329_1458,0.9972344667191119
2021_1331_1332,0.0005014710559400888
2021_1331_1333,0.05161360342278261
2021_1331_1345,2.457924150087258e-05
2021_1331_1353,0.008089196351839165
2021_1331_1361,0.00016614641025054493
2021_1331_1364,0.05559910731539205
2021_1331_1382,0.003402178898479484
2021_1331_1393,0.02189031512064858
2021_1331_1397,6.210044363390708e-05
2021_1331_1400,1.0085947497669566e-05
2021_1331_1403,0.0001494317905733709
2021_1331_1411,0.7798528698019805
2021_1331_1417,0.021020407302166432
2021_1331_1422,0.12316339255959313
2021_1331_1425,0.0001639314743332146
2021_1331_1429,0.018702159366355626
2021_1331_1433,0.007255242172305693
2021_1331_1437,8.736931839148432e-05
2021_1331_1438,2.2441594151787504e-05
2021_1331_1439,0.0079690509652438
2021_1331_1452,1.148636651928679e-05
2021_1331_1455,0.01672260567199196
2021_1331_1457,0.04978288800691901
2021_1331_1458,0.002620748173819166
2021_1332_1333,0.9968441170345512
2021_1332_1345,0.04460450591665865
2021_1332_1353,0.956854738853796
2021_1332_1361,0.25489291279427007
2021_1332_1364,0.9945759628406192
2021_1332_1382,0.8984807035070316
2021_1332_1393,0.980858035370911
2021_1332_1397,0.11185557628107606
2021_1332_1400,0.018936153138919477
2021_1332_1403,0.24762521917776434
2021_1332_1411,0.9998786027313273
2021_1332_1417,0.9901351886409732
2021_1332_1422,0.9975255166245434
2021_1332_1425,0.291417427603576
2021_1332_1429,0.9764567035814655
2021_1332_1433,0.9650220915497276
2021_1332_1437,0.1296733755858336
2021_1332_1438,0.045303783455717686
2021_1332_1439,0.9676811666313787
2021_1332_1452,0.017727985362295223
2021_1332_1455,0.9928900717940181
2021_1332_1457,0.9940069571649055
2021_1332_1458,0.9255904169529897
2021_1333_1345,0.0005845350208524831
2021_1333_1353,0.11165345345817602
2021_1333_1361,0.0037705084966186326
2021_1333_1364,0.5538813211834079
2021_1333_1382,0.06378275342177846
2021_1333_1393,0.24093357250105688
2021_1333_1397,0.0014000342851065248
2021_1333_1400,0.00019517650199774307
2021_1333_1403,0.0028278930123907414
2021_1333_1411,0.9650484496891445
2021_1333_1417,0.23580739570283576
2021_1333_1422,0.49098391758587295
2021_1333_1425,0.003588408363340146
2021_1333_1429,0.21504373156990111
2021_1333_1433,0.11029951858516494
2021_1333_1437,0.002310136240630896
2021_1333_1438,0.0005099802921011594
2021_1333_1439,0.12769085217216056
2021_1333_1452,0.00026229524144263445
2021_1333_1455,0.2382302773865803
2021_1333_1457,0.5267380818629613
2021_1333_1458,0.042692314067365886
2021_1345_1353,0.9968867049675887
2021_1345_1361,0.8963755183510727
2021_1345_1364,0.9997286975860488
2021_1345_1382,0.9942376190631367
2021_1345_1393,0.9990005116326088
2021_1345_1397,0.6927354096811742
2021_1345_1400,0.20344600714519365
2021_1345_1403,0.8728014866228598
2021_1345_1411,0.9999889626355678
2021_1345_1417,0.9991232452452312
2021_1345_1422,0.9998018424199209
2021_1345_1425,0.8310621736959827
2021_1345_1429,0.9989428533903528
2021_1345_1433,0.9973625721282461
2021_1345_1437,0.8210345719662451
2021_1345_1438,0.495014358809022
2021_1345_1439,0.997829594163596
2021_1345_1452,0.2565543628089527
2021_1345_1455,0.9993830307863621
2021_1345_1457,0.9996542766464007
2021_1345_1458,0.9948372788952802
2021_1353_1361,0.027287352333509183
2021_1353_1364,0.9276326139275695
2021_1353_1382,0.262046885406855
2021_1353_1393,0.781350324637163
2021_1353_1397,0.007068558769383331
2021_1353_1400,0.0019794784641137234
2021_1353_1403,0.02657017605409856
2021_1353_1411,0.9979642131900556
2021_1353_1417,0.862694565669123
2021_1353_1422,0.9629064156880891
2021_1353_1425,0.020769832347801928
2021_1353_1429,0.7331342084902807
2021_1353_1433,0.5264300513425055
2021_1353_1437,0.011390153486855579
2021_1353_1438,0.003479611600187248
2021_1353_1439,0.5526089929676115
2021_1353_1452,0.002095131134765902
2021_1353_1455,0.879302213604137
2021_1353_1457,0.9299446653596493
2021_1353_1458,0.32413458564038633
2021_1361_1364,0.9978367143027448
2021_1361_1382,0.9555066243376567
2021_1361_1393,0.9918166101579484
2021_1361_1397,0.2910254608083658
2021_1361_1400,0.042309092000626124
2021_1361_1403,0.4543304392141784
2021_1361_1411,0.9999275685392685
2021_1361_1417,0.9941088379408451
2021_1361_1422,0.9987355643439698
2021_1361_1425,0.39077146648027306
2021_1361_1429,0.9906541845052399
2021_1361_1433,0.9787813208150817
2021_1361_1437,0.26011382007014383
2021_1361_1438,0.11856577468030052
2021_1361_1439,0.9849250756652944
2021_1361_1452,0.05056661018497709
2021_1361_1455,0.9956140894845467
2021_1361_1457,0.9975679277541207
2021_1361_1458,0.9669113571194267
2021_1364_1382,0.045711284178161934
2021_1364_1393,0.3013136101302034
2021_1364_1397,0.0009687060429649645
2021_1364_1400,0.0002314749518150721
2021_1364_1403,0.0028581843159390394
2021_1364_1411,0.9743259732744245
2021_1364_1417,0.24152351435459896
2021_1364_1422,0.6340083696908504
2021_1364_1425,0.0020659541578399855
2021_1364_1429,0.28261131546123797
2021_1364_1433,0.08904007416466214
2021_1364_1437,0.0016554426989873867
2021_1364_1438,0.0005106945874961919
2021_1364_1439,0.09958804938253209
2021_1364_1452,0.00027357467538398404
2021_1364_1455,0.31846317546333647
2021_1364_1457,0.4192247878414641
2021_1364_1458,0.04441056314250012
2021_1382_1393,0.8754128964165478
2021_1382_1397,0.017816274342291754
2021_1382_1400,0.003978242824293767
2021_1382_1403,0.04922848782569735
2021_1382_1411,0.9988945230755732
2021_1382_1417,0.9083990804078458
2021_1382_1422,0.9790517308220096
2021_1382_1425,0.03804873867026343
2021_1382_1429,0.8589318024977906
2021_1382_1433,0.6344919349384368
2021_1382_1437,0.027925062984000704
2021_1382_1438,0.008799084922646198
2021_1382_1439,0.7750270666427562
2021_1382_1452,0.0043730452096779225
2021_1382_1455,0.9235032667079561
2021_1382_1457,0.9522459110317634
2021_1382_1458,0.5514655692391167
2021_1393_1397,0.0032825323663145623
2021_1393_1400,0.000906203477328829
2021_1393_1403,0.012328506134543931
2021_1393_1411,0.9959771122342158
2021_1393_1417,0.74023337223566
2021_1393_1422,0.9363517142071734
2021_1393_1425,0.008794356854317597
2021_1393_1429,0.4545702953220321
2021_1393_1433,0.29524109948900107
2021_1393_1437,0.006114898210144023
2021_1393_1438,0.002012830858291283
2021_1393_1439,0.3014759451370742
2021_1393_1452,0.0009870644397182032
2021_1393_1455,0.7247934422745129
2021_1393_1457,0.8072887682587664
2021_1393_1458,0.15503917302775586
2021_1397_1400,0.14218339477487582
2021_1397_1403,0.8268313903912077
2021_1397_1411,0.9999761765566522
2021_1397_1417,0.9980428169092975
2021_1397_1422,0.9995537082515442
2021_1397_1425,0.6225746624579347
2021_1397_1429,0.9978404616871565
2021_1397_1433,0.9929267503998063
2021_1397_1437,0.72654610273605
2021_1397_1438,0.2677408307261771
2021_1397_1439,0.9945034996492504
2021_1397_1452,0.1687030087045659
2021_1397_1455,0.9987861002974149
2021_1397_1457,0.9990318550913403
2021_1397_1458,0.989412774481576
2021_1400_1403,0.969136779914859
2021_1400_1411,0.9999967195092279
2021_1400_1417,0.9997612702538604
2021_1400_1422,0.999941858274362
2021_1400_1425,0.9513864834542763
2021_1400_1429,0.9995450061131218
2021_1400_1433,0.9992124316589496
2021_1400_1437,0.9355724884742828
2021_1400_1438,0.7653536940590208
2021_1400_1439,0.9992110716515398
2021_1400_1452,0.5582918700833746
2021_1400_1455,0.9998270850452372
2021_1400_1457,0.9998861855367435
2021_1400_1458,0.9985708688485531
2021_1403_1411,0.9999368145728371
2021_1403_1417,0.9947523352054989
2021_1403_1422,0.9989793781226968
2021_1403_1425,0.42843824816145554
2021_1403_1429,0.9901064576264252
2021_1403_1433,0.9848040154470491
2021_1403_1437,0.2996572443369216
2021_1403_1438,0.12188144535454455
2021_1403_1439,0.9837954606765776
2021_1403_1452,0.05931527618395343
2021_1403_1455,0.9964116426290717
2021_1403_1457,0.9975075308781794
2021_1403_1458,0.9710498492635925
2021_1411_1417,0.00904941925563701
2021_1411_1422,0.061581444845646614
2021_1411_1425,7.425326450699303e-05
2021_1411_1429,0.008808312441445369
2021_1411_1433,0.0027847447019859403
2021_1411_1437,4.044389101620181e-05
2021_1411_1438,9.110140206666594e-06
2021_1411_1439,0.003329162437867482
2021_1411_1452,5.8351052719078935e-06
2021_1411_1455,0.006790291300698148
2021_1411_1457,0.023057478945651893
2021_1411_1458,0.001024724517860159
2021_1417_1422,0.8306639423678089
2021_1417_1425,0.008399512173830634
2021_1417_1429,0.42545312319341716
2021_1417_1433,0.2732570574035521
2021_1417_1437,0.0033189295294193764
2021_1417_1438,0.0009680808980521488
2021_1417_1439,0.2858423502299102
2021_1417_1452,0.0004906484275035074
2021_1417_1455,0.5410232236142309
2021_1417_1457,0.758338144639154
2021_1417_1458,0.10907026305625735
2021_1422_1425,0.001060684331169604
2021_1422_1429,0.0951284615810791
2021_1422_1433,0.048501889170505706
2021_1422_1437,0.0005128593587882154
2021_1422_1438,0.00014745856559040475
2021_1422_1439,0.049041406610119465
2021_1422_1452,6.609610326201858e-05
2021_1422_1455,0.11470503038703776
2021_1422_1457,0.22337573211180667
2021_1422_1458,0.016912386843713694
2021_1425_1429,0.9926731271342839
2021_1425_1433,0.9900357429343298
2021_1425_1437,0.4021129759889738
2021_1425_1438,0.1094448408863533
2021_1425_1439,0.9905208613943038
2021_1425_1452,0.06319685138234832
2021_1425_1455,0.9979980007887658
2021_1425_1457,0.9983493967096221
2021_1425_1458,0.9818721684788986
2021_1429_1433,0.318980924694015
2021_1429_1437,0.0065631828050994314
2021_1429_1438,0.0021311154339951938
2021_1429_1439,0.362802818168532
2021_1429_1452,0.0010451326882857418
2021_1429_1455,0.7406654559072103
2021_1429_1457,0.8292702469779789
2021_1429_1458,0.1951140757344484
2021_1433_1437,0.014034382160271041
2021_1433_1438,0.0034490794258921218
2021_1433_1439,0.5727676117231627
2021_1433_1452,0.0021949571483380623
2021_1433_1455,0.8544432206210286
2021_1433_1457,0.923580899909426
2021_1433_1458,0.30695676792379933
2021_1437_1438,0.25606372617247714
2021_1437_1439,0.9935315723010519
2021_1437_1452,0.08826448129218266
2021_1437_1455,0.998292497934314
2021_1437_1457,0.9988889457906137
2021_1437_1458,0.9828410792093214
2021_1438_1439,0.9980736242612565
2021_1438_1452,0.32445591847654665
2021_1438_1455,0.9994340107633567
2021_1438_1457,0.9996609697956514
2021_1438_1458,0.9952701223758506
2021_1439_1452,0.001773670503933058
2021_1439_1455,0.8126819498094666
2021_1439_1457,0.8721848472655854
2021_1439_1458,0.25354362903003547
2021_1452_1455,0.9997886638687764
2021_1452_1457,0.9998846310965444
2021_1452_1458,0.9983140810635038
2021_1455_1457,0.8017001967082148
2021_1455_1458,0.12311302968825452
2021_1457_1458,0.04921462245760744
